Dudu,https://img.a.transfermarkt.technology/portrait/header/114937-1483707641.jpg?lm=1,Eduardo Pereira Rodrigues
Fabinho,https://img.a.transfermarkt.technology/portrait/header/210548-1682388876.jpg?lm=1, Fábio Gonçalves
Fabinho,https://img.a.transfermarkt.technology/portrait/header/45598-1698248114.jpg?lm=1, Fábio Jesus
Fabinho,https://img.a.transfermarkt.technology/portrait/header/627230-1660908217.jpg?lm=1, Fábio Silva de Freitas
Fernandinho,https://img.a.transfermarkt.technology/portrait/header/442818-1544194837.jpg?lm=1, Fernando José Marques Maciel
Fred,https://img.a.transfermarkt.technology/portrait/header/45549-1485421342.jpg?lm=1, Frederico Burgel Xavier
Gabriel Xavier,https://img.a.transfermarkt.technology/portrait/header/740501-1660518590.jpg?lm=1, Gabriel Lhman Xavier
Guilherme Biro,https://img.a.transfermarkt.technology/portrait/header/740293-1740777626.jpg?lm=1,Guilherme da Trindade Dubas
Guilherme Biro,https://img.a.transfermarkt.technology/portrait/header/743590-1682766429.jpg?lm=1, Guilherme Sucigan Mafra Cunha
Gustavo,https://img.a.transfermarkt.technology/portrait/header/840431-1625152220.jpg?lm=1, Gustavo Silva de Oliveira
Jadson,https://img.a.transfermarkt.technology/portrait/header/205179-1661909061.jpg?lm=1, Jádson Alves dos Santos
Jadson,https://img.a.transfermarkt.technology/portrait/header/388588-1510158109.jpg?lm=1, Jadson Cristiano Silva de Morais
Jefferson,https://img.a.transfermarkt.technology/portrait/header/435211-1664556320.jpg?lm=1, Jefferson Junio Antonio da Silva
Jefferson,https://img.a.transfermarkt.technology/portrait/header/294789-1524123882.jpg?lm=1, Jeferson de Araujo de Carvalho
João Paulo,https://img.a.transfermarkt.technology/portrait/header/519854-1733312246.jpg?lm=1,João Paulo da Silva Alves
João Paulo,https://img.a.transfermarkt.technology/portrait/header/375016-1741821824.jpg?lm=1, João Paulo Queiroz de Moraes
João Paulo,https://img.a.transfermarkt.technology/portrait/header/275412-1543927359.jpg?lm=1, João Paulo Silva Martins
João Paulo,https://img.a.transfermarkt.technology/portrait/header/135984-1740862997.jpg?lm=1,João Paulo Mior
João Pedro,https://img.a.transfermarkt.technology/portrait/header/342024-1542105407.png?lm=1, João Pedro Maturano dos Santos
Juninho,https://img.a.transfermarkt.technology/portrait/header/424676-1723010308.png?lm=1, Olávio Vieira dos Santos Júnior
Juninho,https://img.a.transfermarkt.technology/portrait/header/s_3505_123_2013_10_02_1.jpg?lm=1, Juninho Paulista
Leandro,https://img.a.transfermarkt.technology/portrait/header/270414-1614695052.jpg?lm=1, Leandro Marcos Peruchena Pereira
Leandro,https://img.a.transfermarkt.technology/portrait/header/179373-1707220529.jpg?lm=1, Leandro da Silva
Luiz Gustavo,https://img.a.transfermarkt.technology/portrait/header/225640-1691114486.jpg?lm=1, Luiz Gustavo Tavares Conde
Luiz Henrique,https://img.a.transfermarkt.technology/portrait/header/631275-1597994997.jpg?lm=1, Luiz Henrique Augustin
Luiz Henrique,https://img.a.transfermarkt.technology/portrait/header/800175-1737653628.png?lm=1, Luiz Henrique André Rosa da Silva
Maicon,https://img.a.transfermarkt.technology/portrait/header/70484-1613387070.jpg?lm=1, Maicón Marques Bitencourt
Maicon,https://img.a.transfermarkt.technology/portrait/header/50047-1571658781.jpg?lm=1, Maicon Thiago Pereira de Souza
Maicon,https://img.a.transfermarkt.technology/portrait/header/979385-1720967296.png?lm=1, Maicon Araújo dos Santos
Marquinhos,https://img.a.transfermarkt.technology/portrait/header/100091-1580198853.jpg?lm=1,Marcos Gabriel do Nascimento
Marquinhos,https://img.a.transfermarkt.technology/portrait/header/668268-1704213776.jpg?lm=1, Marcus Vinicius Oliveira Alencar
Natanael,https://img.a.transfermarkt.technology/portrait/header/322588-1733322061.jpg?lm=1, Natanael Batista Pimenta
Patrick,https://img.a.transfermarkt.technology/portrait/header/689737-1661954146.jpg?lm=1, Patrick de Lucca
Patrick,https://img.a.transfermarkt.technology/portrait/header/529646-1571671299.jpg?lm=1, PK
Paulinho,https://img.a.transfermarkt.technology/portrait/header/428791-1658913690.jpg?lm=1, Paulinho Sampaio
Paulinho,https://img.a.transfermarkt.technology/portrait/header/57229-1563350348.jpg?lm=1, Paulinho Bezerra
Paulinho,https://img.a.transfermarkt.technology/portrait/header/s_233536_614_2012_1.jpg?lm=1, Paulo Luiz Beraldo Santos
Paulinho,https://img.a.transfermarkt.technology/portrait/header/212923-1510157592.jpg?lm=1,Paulo Henrique Soares dos Santos
Pedrinho,https://img.a.transfermarkt.technology/portrait/header/538978-1663155209.png?lm=1,Pedro Gabriel Pereira Lopes
Pedrinho,https://img.a.transfermarkt.technology/portrait/header/515208-1723486899.png?lm=1, Pedro Victor Delmino da Silva
Pedro Henrique,https://img.a.transfermarkt.technology/portrait/header/681693-1676355065.jpg?lm=1, Pedro Henrique Alves Santana
Rafinha,https://img.a.transfermarkt.technology/portrait/header/s_187099_3330_2012_1.jpg?lm=1, Rafael Chagas Machado
Rafinha,https://img.a.transfermarkt.technology/portrait/header/52894-1606752375.jpg?lm=1,Rafael da Silva Francisco
Romarinho,https://img.a.transfermarkt.technology/portrait/header/267849-1606753188.jpg?lm=1, José Romário Silva de Souza
Ronaldo,https://img.a.transfermarkt.technology/portrait/header/387925-1543832595.jpg?lm=1, Ronaldo de Oliveira Strada
Ronaldo,https://img.a.transfermarkt.technology/portrait/header/405768-1597922261.jpg?lm=1, Ronaldo da Silva Souza
Thiago Heleno,https://img.a.transfermarkt.technology/portrait/header/45431-1547647933.jpg?lm=1, Thiago Heleno Ferreira
Vitinho,https://img.a.transfermarkt.technology/portrait/header/467940-1623883783.jpg?lm=1, Victor Gabriel Moura de Oliveira
Vitinho,https://img.a.transfermarkt.technology/portrait/header/213605-1685660535.JPEG?lm=1, Victor Vinícius Coelho dos Santos
Wanderson,https://img.a.transfermarkt.technology/portrait/header/s_265659_17776_2012_1.jpg?lm=1, Wanderson Pereira Rodrigues
Willian,https://img.a.transfermarkt.technology/portrait/header/252900-1661906007.jpg?lm=1, Willian Oliveira
Wanderson,https://img.a.transfermarkt.technology/portrait/header/316067-1554731562.jpg?lm=1, Wanderson Santos Pereira
Wanderson,https://img.a.transfermarkt.technology/portrait/header/236202-1574609625.png?lm=1, Wanderson Maciel Sousa Campos
Zé Roberto,https://img.a.transfermarkt.technology/portrait/header/305428-1580407394.jpg?lm=1, Jose Roberto Assunção de Araujo
Zé Vitor,https://img.a.transfermarkt.technology/portrait/header/879236-1660517796.jpg?lm=1, José Vítor Lima Cardoso
Fabiano,https://img.a.transfermarkt.technology/portrait/header/271335-1735061558.jpg?lm=1,Fabiano Leismann
Janderson,https://img.a.transfermarkt.technology/portrait/header/976561-1682522605.jpg?lm=1,Janderson de Carvalho Costa
Marcão,https://img.a.transfermarkt.technology/portrait/header/346072-1625151770.jpg?lm=1,Marcos Antônio Almeida Silva
Roni,https://img.a.transfermarkt.technology/portrait/header/725049-1600327915.jpg?lm=1,Roni Medeiros de Moura
Diego Costa,https://img.a.transfermarkt.technology/portrait/header/546212-1721636039.png?lm=1,Diego Henrique Costa Barbosa
Igor Jesus,https://img.a.transfermarkt.technology/portrait/header/978037-1741202799.jpg?lm=1,Igor Jesus Lima
